Year,Team,G,MP,FG,FGA,FG%,3P,3PA,3P%,2P,2PA,2P%,FT,FTA,FT%,ORB,DRB,TRB,AST,STL,BLK,TOV,PF,PTS,ORtg,DRtg,NRtg,Pace,TS%,eFG%,OeFG%,Playoffs
2005,Atlanta Hawks,82,242.1,35.9,81.4,0.441,3.7,11.9,0.312,32.2,69.5,0.463,17.3,24.3,0.711,13.4,28.5,41.9,19.7,7.7,4.2,16.1,24.5,92.7,100.6,111.1,-10.5,91.4,0.504,0.464,0.513,N
2005,Boston Celtics*,82,242.4,37.1,79.4,0.468,5.3,15.3,0.349,31.8,64.1,0.496,21.6,28.3,0.764,11.1,29.7,40.8,22.1,8.1,5.2,15.8,24.4,101.3,107.5,106.6,0.9,93.3,0.551,0.501,0.481,Y
2005,Charlotte Bobcats,82,242.4,36.1,83.6,0.432,3.9,10.7,0.363,32.2,72.9,0.442,18.1,25.6,0.709,13.2,28.5,41.7,21.9,8.5,5.4,14.5,23.1,94.3,101.1,107.5,-6.4,92.3,0.497,0.455,0.497,N
2005,Chicago Bulls*,82,241.8,34.7,80.4,0.432,6.2,17.5,0.357,28.5,62.9,0.453,18.7,25,0.75,12.2,31.6,43.8,21.3,7,4.5,16.7,24.7,94.5,101.4,100.3,1.1,92.4,0.517,0.471,0.454,Y
2005,Cleveland Cavaliers,82,242.1,36.5,81.5,0.447,3.7,11,0.332,32.8,70.5,0.465,19.9,26.5,0.752,13.6,28.7,42.3,22.6,8,5.6,13.9,22.6,96.5,106.6,105.7,0.9,89.7,0.518,0.47,0.485,N
2005,Dallas Mavericks*,82,240.6,37.3,81.6,0.457,5.6,15.5,0.364,31.6,66.1,0.479,22.3,28.2,0.789,12.1,30.9,42.9,19.6,8.6,5.6,13.4,22.3,102.5,110.3,104.1,6.2,92.7,0.545,0.492,0.472,Y
2005,Denver Nuggets*,82,240.9,37,80.7,0.459,3.9,11.5,0.34,33.1,69.2,0.479,21.5,28.2,0.763,11.8,30.2,42,23.9,9.1,6,14.9,22.9,99.5,106,103.9,2.1,93.5,0.535,0.483,0.482,Y
2005,Detroit Pistons*,82,243.4,34.8,78.3,0.444,4.4,12.8,0.345,30.3,65.5,0.463,19.4,26.2,0.739,12.9,30.6,43.4,21.8,7,6.1,13.8,20,93.3,105.6,101.2,4.4,87.2,0.519,0.472,0.461,Y
2005,Golden State Warriors,82,242.7,36.9,85.8,0.43,7.6,21.6,0.352,29.3,64.2,0.457,17.2,23.8,0.722,13,29.7,42.7,22.1,7.8,5.1,13.6,22.4,98.7,104.7,106.9,-2.2,93.3,0.512,0.475,0.491,N
2005,Houston Rockets*,82,242.1,34.7,78.3,0.443,6.7,18.5,0.364,28,59.7,0.468,18.9,24.2,0.781,10.7,31.7,42.4,21.1,6.9,4.6,13.8,22,95.1,106.2,101.7,4.5,88.8,0.534,0.486,0.459,Y
2005,Indiana Pacers*,82,242.7,32.5,75.2,0.432,6.6,19.2,0.344,25.9,56,0.463,21.3,26.9,0.792,10.6,29.5,40.1,18.2,7.5,4.4,14.3,23,93,105.5,104.6,0.9,87.2,0.534,0.476,0.472,Y
2005,Los Angeles Clippers,82,244.3,35.7,77.7,0.459,2.8,8.2,0.345,32.8,69.5,0.473,21.6,27.7,0.778,12,29.9,41.9,23.2,7.3,5.1,15.7,22.2,95.7,105.5,106.4,-0.9,89.1,0.533,0.477,0.48,N
2005,Los Angeles Lakers,82,241.2,35.3,80.8,0.437,7.9,22.1,0.355,27.5,58.7,0.467,20.3,26.1,0.777,12.5,30.6,43.2,20.4,6.2,4.2,14.3,21.9,98.7,108.1,111.4,-3.3,90.8,0.535,0.485,0.493,N
2005,Memphis Grizzlies*,82,240.3,34.2,76.5,0.447,6.5,18.1,0.357,27.7,58.4,0.475,18.6,24.7,0.754,10.8,28.1,39,20.9,8.5,5.8,14.6,23.3,93.4,105.5,102.9,2.6,88.5,0.535,0.489,0.466,Y
2005,Miami Heat*,82,243.7,37.8,77.7,0.486,5.8,15.4,0.377,32,62.3,0.513,20.2,30.1,0.672,10.8,32.2,43,21.8,6.4,5.8,13.7,22.1,101.5,110.2,103.1,7.1,90.8,0.559,0.524,0.46,Y
2005,Milwaukee Bucks,82,241.2,36.1,80.2,0.45,4,11.3,0.351,32.2,69,0.467,21,27.2,0.772,12,29.3,41.3,21,6.5,3.5,13.8,21.9,97.2,106.6,109.8,-3.2,90.8,0.527,0.475,0.499,N
2005,Minnesota Timberwolves,82,240.9,37.1,80.8,0.459,4.8,14,0.345,32.3,66.9,0.483,17.7,22.2,0.796,11.5,31.5,43,23.4,5.6,5.5,13.2,21.6,96.8,108.2,106.6,1.6,89.1,0.534,0.489,0.472,N
2005,New Jersey Nets*,82,242.7,33.6,78.3,0.429,5.3,14.7,0.362,28.3,63.6,0.444,19,24.9,0.763,10.4,29.1,39.5,21.6,7.9,3.8,14.2,24.2,91.4,101.4,103.1,-1.7,89.1,0.512,0.463,0.479,Y
2005,New Orleans Hornets,82,243,33.1,80,0.415,5.1,16,0.315,28.1,63.9,0.44,17.1,22.3,0.766,12.4,27.8,40.2,21,6.7,3.8,14.8,23,88.4,99.7,107.7,-8,87.6,0.493,0.446,0.491,N
2005,New York Knicks,82,242.4,36.3,80.5,0.451,5.4,15.1,0.356,30.9,65.4,0.473,19.3,25.1,0.767,11.8,29.2,41,20.3,7.7,3.2,14.7,23.7,97.3,106.2,108.9,-2.7,90.7,0.531,0.485,0.501,N
2005,Orlando Magic,82,240.3,37,81.5,0.454,3.9,11.2,0.349,33.1,70.3,0.471,21.6,28.5,0.759,12.7,31,43.7,19.3,7.7,5.4,16.1,23.6,99.5,104.9,107.3,-2.4,94.7,0.529,0.478,0.484,N
2005,Philadelphia 76ers*,82,242.1,35.9,82.1,0.437,6.2,17.7,0.348,29.8,64.4,0.462,21.1,26.8,0.789,11.1,30.9,42,20.9,9.2,3.9,15.5,22.9,99.1,103.5,104.3,-0.8,94.9,0.528,0.475,0.485,Y
2005,Phoenix Suns*,82,241.2,40.9,85.6,0.477,9.7,24.7,0.393,31.2,60.9,0.512,19,25.4,0.748,11.8,32.3,44.1,23.5,7,5.5,13.7,19.1,110.4,114.5,107.1,7.4,95.9,0.571,0.534,0.478,Y
2005,Portland Trail Blazers,82,240.6,35.3,78.3,0.451,5.1,14.2,0.362,30.2,64.2,0.471,17.2,23.7,0.725,11.8,29.3,41.1,21,7.1,6.6,16,20.8,92.9,103.2,107.7,-4.5,89.8,0.524,0.484,0.479,N
2005,Sacramento Kings*,82,242.1,39.1,85.1,0.459,6.4,17,0.374,32.7,68.1,0.48,19.2,24.4,0.787,12.5,29.9,42.4,24.5,8.2,3.9,13.1,20.5,103.7,110.5,108.2,2.3,93,0.541,0.496,0.493,Y
2005,San Antonio Spurs*,82,241.5,35.6,78.7,0.453,6.2,17,0.363,29.5,61.6,0.478,18.7,25.9,0.724,12,30.4,42.4,21.6,7.5,6.6,13.7,20.9,96.2,107.5,98.8,8.7,88.9,0.534,0.492,0.452,Y
2005,Seattle SuperSonics*,82,240.9,35.1,79.2,0.444,8.1,22.2,0.365,27,57,0.474,20.5,26,0.79,12.7,28.2,40.9,18.1,6.7,4.1,13.6,23.7,98.9,112.2,109.6,2.6,87.9,0.546,0.495,0.496,Y
2005,Toronto Raptors,82,241.5,36,81.2,0.444,7.9,20.5,0.385,28.1,60.7,0.463,19.8,25.6,0.774,10.3,29.8,40.1,20.4,7.6,3.9,13.3,22.9,99.7,106.9,108.7,-1.8,92.7,0.539,0.492,0.499,N
2005,Utah Jazz,82,241.2,34.5,76.8,0.449,3,9.3,0.328,31.4,67.5,0.465,21,27.7,0.757,12.8,27.4,40.1,22.3,6.6,4.6,15.8,26.7,93,104.7,109.5,-4.8,88.4,0.522,0.469,0.499,N
2005,Washington Wizards*,82,241.2,36.2,82.9,0.437,6.3,18.3,0.343,29.9,64.6,0.463,21.9,30.2,0.725,13.8,29,42.8,19.1,8.7,4.2,14.3,22,100.5,107.2,107.5,-0.3,93.3,0.523,0.474,0.498,Y
2006,Atlanta Hawks,82,242.4,35.9,79.2,0.454,5.2,14.1,0.367,30.8,65.1,0.472,20.2,26.9,0.75,13,27.2,40.3,19.8,7.2,4.8,15.7,25,97.2,106.4,111.6,-5.2,90.4,0.534,0.486,0.513,N
2006,Boston Celtics,82,242.4,36,77.1,0.467,5.7,15.7,0.362,30.3,61.4,0.494,20.3,26.9,0.755,9.9,29.7,39.6,20.9,7,5.1,16.6,24.8,98,105.2,106.9,-1.7,92.2,0.551,0.504,0.49,N
2006,Charlotte Bobcats,82,242.7,36.1,83.5,0.433,5.2,15.4,0.339,30.9,68.1,0.454,19.4,26.7,0.729,12.1,27.7,39.8,20.9,10,4.3,14.2,23.9,96.9,102.5,106.7,-4.2,93.4,0.509,0.464,0.514,N
2006,Chicago Bulls*,82,242.7,36.6,82.2,0.446,6.8,18,0.379,29.8,64.1,0.465,17.7,24,0.738,11,31.7,42.8,22,6.2,4.2,14.9,24.9,97.8,104,103.4,0.6,92.9,0.527,0.487,0.464,Y
2006,Cleveland Cavaliers*,82,241.8,35.5,78.2,0.454,6.1,17.9,0.339,29.4,60.3,0.487,20.6,28.3,0.729,11.7,30.6,42.3,19,6.9,4.8,13.9,21.1,97.6,107.8,105.4,2.4,89.8,0.538,0.492,0.49,Y
2006,Dallas Mavericks*,82,242.4,36,77.7,0.462,5.1,13.6,0.374,30.9,64.2,0.481,22.2,28.3,0.783,12.6,29.6,42.2,18,7.2,6,13.6,22.4,99.1,111.8,105,6.8,87.8,0.55,0.495,0.475,Y
2006,Denver Nuggets*,82,243,37.5,81.4,0.461,4.3,13.1,0.325,33.3,68.2,0.487,21,28.2,0.744,11,30.3,41.3,23.4,8.5,5.6,14.8,22.7,100.3,105.5,105.2,0.3,93.9,0.535,0.488,0.493,Y
2006,Detroit Pistons*,82,241.8,36.4,80,0.455,6.8,17.7,0.384,29.6,62.3,0.475,17.3,23.8,0.727,11.9,28.6,40.5,24,7.1,6,11.4,18.5,96.8,110.8,103.1,7.7,86.8,0.535,0.497,0.477,Y
2006,Golden State Warriors,82,241.8,35.8,82.7,0.433,7.6,22.3,0.341,28.2,60.4,0.467,19.2,26.7,0.718,12,30.3,42.3,20.7,7.4,4.4,14.1,23.7,98.5,104.8,106.2,-1.4,93.3,0.521,0.479,0.492,N
2006,Houston Rockets,82,241.8,33,76.2,0.433,5.7,17.2,0.332,27.3,59,0.463,18.3,24.1,0.759,10.4,31.3,41.6,19.3,7.2,3.9,14.5,22.7,90.1,101.6,103.3,-1.7,88,0.519,0.471,0.472,N
2006,Indiana Pacers*,82,240.6,34,76.5,0.444,6.5,18.7,0.349,27.4,57.8,0.475,19.4,26.3,0.737,11,31.2,42.2,19.9,7.3,5,15.3,22.2,93.9,104.5,102.4,2.1,89.7,0.533,0.487,0.464,Y
2006,Los Angeles Clippers*,82,241.5,36.5,78.6,0.465,3.5,10.3,0.344,33,68.3,0.483,20.7,26.1,0.791,10.1,33,43.1,20.8,6.5,6.1,14.5,22.8,97.2,105.3,103.6,1.7,91.7,0.54,0.487,0.471,Y
2006,Los Angeles Lakers*,82,242.1,36.5,80.6,0.453,6.7,19.3,0.349,29.8,61.3,0.486,19.7,26.5,0.745,11.8,30.3,42.2,21.1,7.7,4.3,13.9,23.1,99.4,108.4,105.7,2.7,90.9,0.539,0.495,0.486,Y
2006,Memphis Grizzlies*,82,242.1,33.5,74.7,0.448,7.2,19.2,0.374,26.3,55.5,0.474,18,25.3,0.711,10.2,29,39.2,19.3,7.3,5.4,13.8,21.4,92.2,105.9,101.6,4.3,86.3,0.537,0.496,0.469,Y
2006,Miami Heat*,82,240.9,37.1,77.5,0.478,6.1,17.6,0.345,31,59.9,0.517,19.7,28.2,0.7,10.5,32.6,43.1,20.6,6.4,5.4,14.5,22.8,99.9,108.7,104.5,4.2,91.6,0.556,0.517,0.477,Y
2006,Milwaukee Bucks*,82,242.1,36.3,80.1,0.453,6.2,16.3,0.38,30.1,63.8,0.472,19,25.8,0.738,11.3,29.9,41.2,21.6,7.3,3.3,14.6,23.2,97.8,106.3,107.4,-1.1,91.2,0.535,0.492,0.504,Y
2006,Minnesota Timberwolves,82,242.1,35.2,77.3,0.456,3.8,11.5,0.329,31.4,65.8,0.478,17.5,23.1,0.758,9.9,29.5,39.4,20.9,6.8,5.7,14.5,23,91.7,102.4,104.5,-2.1,88.8,0.524,0.48,0.475,N
2006,New Jersey Nets*,82,241.2,33.9,77,0.44,5.8,17.6,0.33,28.1,59.4,0.472,20.2,26.7,0.758,10,31,41,23,6.8,3.4,13.6,23.2,93.8,103.9,102.4,1.5,89.8,0.528,0.478,0.476,Y
2006,New Orleans/Oklahoma City Hornets,82,241.5,34.5,78.4,0.44,3.7,10.8,0.339,30.9,67.6,0.457,20.1,26.5,0.758,11.2,29,40.2,18.5,7.5,3.8,13.4,21.8,92.8,103.7,106.8,-3.1,89,0.515,0.464,0.502,N
2006,New York Knicks,82,243,34.4,75.7,0.455,3.9,10.8,0.362,30.5,64.9,0.47,22.9,31.5,0.726,12.6,28.8,41.4,17.9,6.8,3.3,17.7,26.3,95.6,104,111,-7,90.8,0.534,0.481,0.511,N
2006,Orlando Magic,82,242.7,35.5,75.2,0.472,3.6,9.7,0.376,31.9,65.5,0.486,20.3,27.8,0.73,10.9,29.3,40.2,18.2,6.5,4.4,15.1,23.3,94.9,106.3,107.5,-1.2,88.3,0.543,0.496,0.49,N
2006,Philadelphia 76ers,82,242.7,36.6,79.8,0.458,4.6,12.6,0.364,32,67.3,0.476,21.6,28.4,0.76,10.6,29.6,40.2,20.2,7.9,4.9,14.1,20.9,99.4,106,108.1,-2.1,92.7,0.538,0.487,0.5,N
2006,Phoenix Suns*,82,243.4,41.8,87.4,0.479,10.2,25.6,0.399,31.6,61.8,0.511,14.5,18,0.806,9.5,32.3,41.8,26.6,6.7,5,13.3,20.5,108.4,111.5,105.8,5.7,95.8,0.568,0.537,0.49,Y
2006,Portland Trail Blazers,82,240.6,34,76.4,0.445,4.4,12.7,0.349,29.6,63.7,0.464,16.3,23.7,0.689,10.8,26.9,37.7,18.2,6.5,5.3,14.7,22.3,88.8,101.1,111.9,-10.8,87.6,0.511,0.474,0.507,N
2006,Sacramento Kings*,82,241.8,36,79.3,0.454,6,17.2,0.351,30,62.1,0.483,20.8,26.5,0.784,10.4,30.2,40.5,22.3,7.4,3.6,14.6,20.4,98.9,106.7,105,1.7,91.9,0.544,0.492,0.488,Y
2006,San Antonio Spurs*,82,241.5,36.5,77.3,0.472,6.4,16.6,0.385,30.1,60.7,0.496,16.2,23.1,0.702,10.4,31.1,41.5,20.9,6.6,5.7,13.7,20.9,95.6,107.3,99.6,7.7,88.5,0.546,0.513,0.457,Y
2006,Seattle SuperSonics,82,241.8,37.5,81.8,0.459,7.4,19.9,0.371,30.1,62,0.487,20.1,25.7,0.785,12.4,27.2,39.6,20.7,7.6,3.7,14.7,23.6,102.6,111.1,114.4,-3.3,91.6,0.551,0.504,0.527,N
2006,Toronto Raptors,82,243.4,36.7,81,0.454,7.4,19.8,0.375,29.3,61.2,0.479,20.2,25.5,0.791,10.5,27.9,38.5,19.4,6.5,3.3,13.1,24,101.1,109.5,112.7,-3.2,91.1,0.548,0.5,0.53,N
2006,Utah Jazz,82,242.4,33.5,75.7,0.442,3.8,11.3,0.336,29.7,64.4,0.461,21.6,30.1,0.719,13.1,29,42.1,21.6,6.4,6,15.7,24.8,92.4,104.1,107,-2.9,87.8,0.519,0.467,0.49,N
2006,Washington Wizards*,82,241.8,36.3,81.2,0.447,6.1,17,0.357,30.2,64.2,0.471,23,30.4,0.757,12.6,28.6,41.2,18.6,8,4.1,13.9,22.6,101.7,109.3,107.3,2,92.3,0.538,0.484,0.504,Y
2007,Atlanta Hawks,82,242.4,34.5,77.7,0.444,4.2,12.7,0.329,30.4,65,0.467,20.5,26.9,0.761,11.9,28.2,40.1,19.2,7.4,5.4,15.9,24,93.7,103,108.3,-5.3,90,0.523,0.471,0.503,N
2007,Boston Celtics,82,242.1,34.9,78.7,0.443,5.7,15.6,0.367,29.1,63.1,0.462,20.4,26.6,0.767,11.2,29.2,40.4,19.9,7.2,4.7,16.5,24,95.8,103.2,106.9,-3.7,92,0.53,0.479,0.502,N
2007,Charlotte Bobcats,82,244,36.1,81,0.446,5.6,15.6,0.357,30.5,65.4,0.467,19.1,26,0.734,11.2,28.6,39.8,22.4,7.8,4.5,14.9,24.2,96.9,103.6,107.6,-4,92,0.524,0.48,0.5,N
2007,Chicago Bulls*,82,241.2,37.1,81.3,0.457,5.9,15.1,0.388,31.3,66.2,0.473,18.6,25.4,0.734,12,31.7,43.7,22.3,7.8,5.4,16,23.3,98.8,104.9,99.6,5.3,93.6,0.534,0.493,0.473,Y
2007,Cleveland Cavaliers*,82,242.4,36.3,81.2,0.447,6,17.1,0.352,30.3,64.1,0.473,18.1,26,0.696,12.7,30.8,43.5,20.8,7.6,4.3,14.4,21.7,96.8,105.5,101.3,4.2,90.8,0.522,0.484,0.48,Y
2007,Dallas Mavericks*,82,240.9,36.7,78.6,0.467,6.5,17.1,0.381,30.2,61.4,0.491,20.1,24.9,0.805,11.2,30.7,41.9,19.9,6.8,5,13.9,22.4,100,111.3,103.2,8.1,89.5,0.559,0.509,0.477,Y
2007,Denver Nuggets*,82,241.2,38.6,83,0.465,5.9,17.6,0.336,32.7,65.4,0.5,22.3,29.9,0.746,12.2,31.2,43.4,23.4,8.3,5.3,16.5,21.4,105.4,107.6,105.9,1.7,97.4,0.548,0.501,0.499,Y
2007,Detroit Pistons*,82,242.4,35.9,79.1,0.454,5.5,15.9,0.344,30.4,63.2,0.481,18.8,24.2,0.774,11.6,29,40.5,21.6,7.1,5.8,12.2,20.4,96,108.9,104.2,4.7,87.3,0.535,0.488,0.477,Y
2007,Golden State Warriors*,82,240.9,39.8,86,0.463,8.5,24,0.356,31.2,62,0.504,18.5,25.8,0.717,11.5,30,41.4,23.8,9.1,5.7,16,23.6,106.5,107,107.4,-0.4,99.2,0.548,0.512,0.506,Y
2007,Houston Rockets*,82,242.1,35.4,79.6,0.445,8.6,23.1,0.372,26.8,56.5,0.475,17.5,23.2,0.753,10.7,32.6,43.3,20.8,7.1,4.1,14.2,20.9,97,106,100.7,5.3,90.7,0.54,0.499,0.466,Y
2007,Indiana Pacers,82,241.2,35,80,0.438,5.9,16.9,0.346,29.2,63.1,0.462,19.7,25.9,0.76,12.1,29.8,41.8,20.5,7.3,5.5,16.3,23.3,95.6,102.9,105.5,-2.6,92.4,0.523,0.474,0.491,N
2007,Los Angeles Clippers,82,240.6,35.1,77,0.456,3.8,11,0.348,31.3,66,0.474,21.6,27.4,0.788,10.8,30.3,41.1,21.5,7.3,5.8,15.1,22.7,95.6,105.1,105.6,-0.5,90.8,0.537,0.481,0.488,N
2007,Los Angeles Lakers*,82,244.3,37.8,81.3,0.466,7.4,21,0.353,30.4,60.2,0.505,20.2,27.1,0.747,10.8,30.4,41.2,22.6,7.3,5.1,15.5,23,103.3,108.6,108.6,0,93.5,0.554,0.511,0.5,Y
2007,Memphis Grizzlies,82,243.7,36.6,78.6,0.465,6.1,16.6,0.367,30.5,62,0.491,22.4,29.4,0.761,10.6,29,39.5,20.5,6.9,5,16.4,22.3,101.6,106.9,112.3,-5.4,93.6,0.555,0.504,0.529,N
2007,Miami Heat*,82,242.1,35.6,76.7,0.464,6.4,18.8,0.343,29.2,57.9,0.503,17,24.6,0.69,10,30.8,40.8,20.5,6.9,5.4,14.6,21.3,94.6,104.3,105.3,-1,89.9,0.541,0.506,0.485,N
2007,Milwaukee Bucks,82,242.1,38.1,81.9,0.465,6.4,18,0.356,31.7,63.9,0.495,17.1,23.4,0.733,11.5,27.7,39.2,21.6,7.2,2.7,15.1,22.2,99.7,107,111.7,-4.7,92.3,0.541,0.504,0.522,N
2007,Minnesota Timberwolves,82,244,36.5,79.3,0.461,4.7,13.3,0.353,31.9,66,0.483,18.3,23.1,0.792,10,30.2,40.2,22.5,6.5,4,15.6,21.4,96.1,103.9,107.9,-4,91,0.537,0.49,0.498,N
2007,New Jersey Nets*,82,242.4,35.5,77.8,0.457,7.4,20.4,0.363,28.1,57.4,0.49,19.1,26.3,0.727,10,30.8,40.8,23.9,6.1,3.3,14.8,22.8,97.6,105.7,106.6,-0.9,91.4,0.546,0.504,0.49,Y
2007,New Orleans/Oklahoma City Hornets,82,242.4,36.2,81.4,0.445,5.5,15.3,0.362,30.7,66.1,0.464,17.5,23.7,0.74,12.5,30.6,43.1,18.7,6.4,4.2,14.5,19.8,95.5,104.8,106.5,-1.7,90.2,0.52,0.479,0.499,N
2007,New York Knicks,82,244,35.4,77.5,0.457,5.8,16.7,0.346,29.6,60.8,0.487,20.9,29.2,0.715,12.6,30.7,43.3,18.7,6.6,3.2,17.1,23.6,97.5,105.7,108.8,-3.1,90.8,0.539,0.494,0.504,N
2007,Orlando Magic*,82,241.2,35.1,74.3,0.472,4.2,11.7,0.356,30.9,62.5,0.494,20.5,29.2,0.702,11.2,29.5,40.7,18.6,6.9,5.1,17,23.2,94.8,104.9,104.1,0.8,89.9,0.544,0.5,0.48,Y
2007,Philadelphia 76ers,82,242.4,35.8,78.1,0.458,3.5,10,0.345,32.3,68.1,0.474,20,26,0.767,11,28.7,39.7,20.4,7.2,4.8,15.3,20.4,94.9,103.6,106.9,-3.3,90.7,0.53,0.48,0.501,N
2007,Phoenix Suns*,82,242.7,41.3,83.6,0.494,9.6,24,0.399,31.7,59.6,0.532,18,22.3,0.808,9,31.5,40.5,25.9,6.7,4.8,14.5,20.2,110.2,113.9,106.4,7.5,95.6,0.59,0.551,0.492,Y
2007,Portland Trail Blazers,82,243.4,35,78,0.45,5.2,15,0.346,29.9,62.9,0.474,18.8,24.5,0.769,11.3,28,39.3,18.5,6.8,4.6,15.1,23.5,94.1,105.1,109.9,-4.8,88.3,0.53,0.483,0.508,N
2007,Sacramento Kings,82,241.5,35.9,79.7,0.45,6.5,18.5,0.35,29.4,61.2,0.48,23.1,30.2,0.765,9.7,29.2,38.9,20.3,8.2,3.2,14.6,21.9,101.3,106.2,108,-1.8,94.8,0.545,0.491,0.513,N
2007,San Antonio Spurs*,82,241.2,36.6,77.2,0.474,7.3,19,0.381,29.3,58.1,0.504,18.1,24.1,0.751,9.3,31.4,40.7,22.1,7.2,5.1,13.9,19.4,98.5,109.2,99.9,9.3,89.8,0.561,0.521,0.471,Y
2007,Seattle SuperSonics,82,241.8,37.2,80.8,0.46,6.4,17.7,0.362,30.8,63.1,0.487,18.4,23.3,0.791,11.3,28.3,39.6,20.7,7.7,3.7,15.5,22,99.1,107.2,110.3,-3.1,91.8,0.544,0.499,0.515,N
2007,Toronto Raptors*,82,240.9,37,79.8,0.463,6.5,17.9,0.363,30.5,62,0.492,19,24.2,0.788,9.2,30.2,39.5,22.2,7.1,3.9,13.5,20.4,99.5,107,106,1,92.6,0.55,0.504,0.503,Y
2007,Utah Jazz*,82,241.5,37.4,78.9,0.474,4.3,12.9,0.335,33.1,66,0.501,22.3,30,0.743,12.6,30,42.5,24.7,7,4.1,15.6,25.2,101.5,110.1,107,3.1,91.6,0.551,0.502,0.496,Y
2007,Washington Wizards*,82,241.8,37.4,83.2,0.45,6.8,19.7,0.348,30.6,63.5,0.482,22.6,29.6,0.765,12.2,29,41.2,20.2,7.7,4.6,13.8,22.2,104.3,110.1,110.6,-0.5,94.1,0.542,0.491,0.517,Y
2008,Atlanta Hawks*,82,242.1,36.3,79.9,0.454,4.7,13.1,0.356,31.6,66.8,0.473,21,27.2,0.772,12.3,29.9,42.2,22,7.3,5.5,14.9,20.4,98.2,106.9,108.9,-2,91.1,0.535,0.483,0.501,Y
2008,Boston Celtics*,82,240.9,36.4,76.7,0.475,7.3,19.1,0.381,29.1,57.6,0.506,20.5,26.5,0.771,10.1,31.9,42,22.4,8.5,4.6,15.2,22.7,100.5,110.2,98.9,11.3,90.9,0.569,0.522,0.457,Y
2008,Charlotte Bobcats,82,242.4,36.1,79.9,0.452,6.5,17.6,0.367,29.6,62.3,0.476,18.4,25.8,0.714,10.9,29.8,40.6,21.3,7.5,4.9,14.7,21.7,97.1,104.6,109.4,-4.8,91.8,0.532,0.492,0.505,N
2008,Chicago Bulls,82,241.5,36.4,83.7,0.435,5.8,15.9,0.363,30.6,67.8,0.452,18.7,24.7,0.756,12.8,30.2,43,22.1,7.7,5.2,14.6,21.8,97.3,103.9,107.2,-3.3,93,0.515,0.47,0.496,N
2008,Cleveland Cavaliers*,82,242.1,35.8,81.7,0.439,6.7,18.8,0.358,29.1,62.8,0.463,18,25.1,0.717,13.3,31.3,44.6,20,7.1,5.2,14,20.9,96.4,106,106.4,-0.4,90.2,0.52,0.48,0.494,Y
2008,Dallas Mavericks*,82,240.6,36.9,79.5,0.464,6,17.1,0.352,30.9,62.3,0.495,20.6,25.3,0.814,10.8,32.2,43,21,6,4.9,12.6,21.8,100.4,111.1,106.1,5,90.2,0.554,0.502,0.474,Y
2008,Denver Nuggets*,82,242.1,40.3,85.8,0.47,6.9,19.6,0.355,33.4,66.3,0.504,23.1,30.7,0.751,11.2,32.9,44.1,24.7,9.2,6.7,14.7,21.1,110.7,110,106.3,3.7,99.7,0.557,0.51,0.499,Y
2008,Detroit Pistons*,82,240.6,36.6,79.9,0.458,5.9,16.2,0.366,30.6,63.7,0.481,18.4,24,0.767,11.9,29.5,41.4,22.3,7.1,5.8,11.7,20.6,97.5,111.4,102.9,8.5,87.3,0.539,0.495,0.47,Y
2008,Golden State Warriors,82,241.2,41.5,90.3,0.459,9.3,26.6,0.348,32.2,63.7,0.506,18.8,24.9,0.752,12.7,30.4,43.2,22.4,9.1,4.6,13.2,22.9,111,111.8,109.5,2.3,98.8,0.548,0.511,0.509,N
2008,Houston Rockets*,82,240.6,36.6,81.7,0.448,7.1,20.8,0.342,29.5,60.9,0.485,16.4,22.5,0.726,12.2,32.4,44.6,21.4,7.3,5.1,13.7,19.6,96.7,106.8,101.6,5.2,90.4,0.528,0.492,0.465,Y
2008,Indiana Pacers,82,240.9,37.8,85.3,0.444,9.2,24.6,0.374,28.6,60.6,0.472,19.1,24.9,0.768,11,32.1,43.1,22.7,7.6,5,15.1,23.4,104,106,107.5,-1.5,97.7,0.54,0.498,0.498,N
2008,Los Angeles Clippers,82,241.5,34.4,78.6,0.438,4.3,13.2,0.324,30.1,65.4,0.46,20.8,26.6,0.781,9.8,30.4,40.1,21.1,6.8,4.9,14.4,21.3,93.8,101.2,109.1,-7.9,92.1,0.519,0.465,0.503,N
2008,Los Angeles Lakers*,82,241.2,39.6,83.1,0.476,8.1,21.4,0.378,31.5,61.8,0.51,21.3,27.7,0.769,11,33.2,44.1,24.4,8,5.3,14.1,20.6,108.6,113,105.5,7.5,95.6,0.57,0.525,0.485,Y
2008,Memphis Grizzlies,82,241.5,37.3,82.2,0.454,7.6,21.7,0.349,29.8,60.5,0.492,18.5,25.6,0.723,10.3,31.3,41.6,19.2,6.1,4.7,15.3,19.4,100.7,105,111.4,-6.4,95.3,0.539,0.5,0.521,N
2008,Miami Heat,82,241.8,34.2,77.3,0.443,6,16.7,0.358,28.3,60.5,0.467,16.9,23.2,0.727,9.1,28.6,37.6,20,7.2,4.3,14.7,20.4,91.4,100.5,110,-9.5,90.2,0.522,0.482,0.51,N
2008,Milwaukee Bucks,82,242.1,36.9,82.3,0.449,5.5,16,0.344,31.4,66.2,0.474,17.7,24.1,0.733,12.9,28.8,41.7,21.5,6.6,4.4,14.8,21.3,97,105.3,112.8,-7.5,91.3,0.522,0.482,0.524,N
2008,Minnesota Timberwolves,82,240.6,37.5,83.1,0.451,5.4,15.4,0.35,32.1,67.8,0.474,15.2,20.6,0.736,11.8,29.6,41.4,19.9,7.5,3.7,14.5,23,95.6,103.8,111.2,-7.4,91.9,0.518,0.484,0.513,N
2008,New Jersey Nets,82,241.8,34.8,78.7,0.443,6.1,17.4,0.348,28.8,61.2,0.47,20.1,27.3,0.736,11.1,30.7,41.9,23.5,6.4,4.8,15,22.6,95.8,104,109.4,-5.4,91.5,0.528,0.481,0.497,N
2008,New Orleans Hornets*,82,241.5,38.6,82.9,0.466,7.7,19.8,0.389,30.9,63.1,0.49,16,20.8,0.769,11.4,30.4,41.8,21.8,7.8,3.9,11.9,18.7,100.9,111.5,105.7,5.8,89.9,0.548,0.512,0.501,Y
2008,New York Knicks,82,242.4,36.2,82.4,0.439,6,17.7,0.337,30.2,64.7,0.467,18.6,25.5,0.727,12.5,30,42.5,18.7,6.4,2.6,14.5,21.5,96.9,104.7,111.9,-7.2,91.6,0.518,0.475,0.518,N
2008,Orlando Magic*,82,241.2,37.3,78.6,0.474,9.8,25.3,0.386,27.5,53.3,0.516,20.1,27.9,0.721,9.4,32.6,42,20.8,6.3,4.1,14.3,20.6,104.5,111.3,105.5,5.8,93.4,0.575,0.537,0.484,Y
2008,Philadelphia 76ers*,82,240.9,37.3,81.1,0.46,3.7,11.6,0.317,33.6,69.5,0.483,18.4,26.1,0.706,13,28.9,41.9,20.4,8.7,4.9,14.3,19.8,96.6,106.4,106,0.4,90.4,0.522,0.482,0.504,Y
2008,Phoenix Suns*,82,241.2,41.4,82.7,0.5,8.5,21.5,0.393,32.9,61.2,0.538,18.9,24.1,0.783,8.8,32.7,41.5,26.7,6.5,6.3,14.4,19.9,110.1,113.3,108.1,5.2,96.7,0.59,0.551,0.488,Y
2008,Portland Trail Blazers,82,242.7,35.8,79.8,0.448,6.6,17.4,0.377,29.2,62.4,0.468,17.2,22.5,0.767,11,29.7,40.7,21.1,5.5,4.4,12.9,20,95.4,107.3,108.4,-1.1,87.9,0.532,0.489,0.491,N
2008,Sacramento Kings,82,241.8,37.1,80,0.464,6.2,16.7,0.373,30.9,63.3,0.488,22.1,27.7,0.798,10.1,30,40.1,19.1,7.9,4.1,16.1,22.4,102.5,107.5,109.9,-2.4,94.7,0.556,0.503,0.51,N
2008,San Antonio Spurs*,82,240.6,35.8,78.3,0.457,7.2,19.6,0.369,28.6,58.7,0.487,16.5,21.6,0.761,9.4,31.9,41.3,21,6.4,4.1,12.6,18.7,95.4,107.2,101.8,5.4,88.8,0.543,0.504,0.477,Y
2008,Seattle SuperSonics,82,241.8,38.1,85.8,0.444,3.8,11.5,0.333,34.3,74.3,0.462,17.5,22.8,0.77,11.8,32.8,44.6,21.3,6.5,4.9,16,20.5,97.5,100.5,109.5,-9,96.3,0.509,0.467,0.503,N
2008,Toronto Raptors*,82,241.8,38.4,82,0.468,7,17.8,0.392,31.4,64.2,0.489,16.4,20.2,0.812,9.6,30.4,40.1,23.8,7,4.1,11.7,19.5,100.2,110.2,107,3.2,90.2,0.551,0.511,0.505,Y
2008,Utah Jazz*,82,240.3,40,80.4,0.497,5,13.4,0.372,35,67,0.522,21.3,28,0.759,11.5,29.4,40.9,26.4,8.7,4.3,14.6,24,106.2,113.8,106.5,7.3,93.2,0.573,0.528,0.501,Y
2008,Washington Wizards*,82,242.7,36.4,81.6,0.446,7,19.7,0.356,29.4,62,0.475,19,24.3,0.782,12.3,29.3,41.6,19.6,7.7,4.8,13.2,19.6,98.8,109.2,109.6,-0.4,89.5,0.535,0.489,0.513,Y
2009,Atlanta Hawks*,82,240.3,36,78.7,0.458,7.3,19.9,0.366,28.8,58.8,0.49,18.7,25.4,0.737,10.6,29.4,40,20.2,7.4,4.6,12.8,19.6,98.1,109.3,107.6,1.7,89.6,0.546,0.504,0.494,Y
2009,Boston Celtics*,82,242.4,37.5,77.2,0.486,6.6,16.5,0.397,30.9,60.7,0.51,19.4,25.3,0.765,10.6,31.5,42.1,22.7,7.6,4.7,15.6,23.1,100.9,110.5,102.3,8.2,90.4,0.571,0.528,0.47,Y
2009,Charlotte Bobcats,82,243,35,76.8,0.455,6,16.3,0.366,29,60.5,0.479,17.7,24,0.74,10.8,28.9,39.7,21.2,7.1,4.8,15.6,21.4,93.6,104.7,106.1,-1.4,88.3,0.536,0.494,0.498,N
2009,Chicago Bulls*,82,243,38.1,83.5,0.457,6,15.8,0.381,32.1,67.7,0.474,19.9,25,0.796,11.8,30.3,42.1,21.1,7.5,5.5,14.5,20.8,102.2,108.4,108.7,-0.3,93.1,0.541,0.493,0.493,Y
2009,Cleveland Cavaliers*,82,241.2,36.9,78.7,0.468,8,20.4,0.393,28.9,58.3,0.495,18.6,24.5,0.757,10.8,31.4,42.2,20.3,7.2,5.3,12.7,20.3,100.3,112.4,102.4,10,88.7,0.56,0.519,0.468,Y
2009,Dallas Mavericks*,82,241.5,38.1,82.6,0.462,7,19.9,0.35,31.2,62.7,0.498,18.5,22.6,0.819,11.1,31.6,42.7,21.7,7.2,5.2,12.7,19.5,101.7,110.5,108.4,2.1,91.5,0.55,0.504,0.493,Y
2009,Denver Nuggets*,82,240.6,37.3,79.4,0.47,6.7,18,0.371,30.6,61.4,0.499,23.1,30.3,0.76,11,30.6,41.6,22.2,8.7,6,15.3,22.9,104.3,110.4,106.8,3.6,94.3,0.563,0.512,0.485,Y
2009,Detroit Pistons*,82,242.7,36.4,80,0.454,4.6,13.2,0.349,31.8,66.8,0.475,16.9,22.5,0.751,11.6,29.9,41.4,20.6,6,4.6,11.9,20.9,94.2,107.4,108,-0.6,86.7,0.524,0.483,0.485,Y
2009,Golden State Warriors,82,242.4,39.4,86,0.458,6.7,18,0.373,32.7,68,0.48,23.1,29.2,0.791,11.6,30.4,42,20.9,7.8,6.4,14.6,22.5,108.6,109.5,113.3,-3.8,98.2,0.549,0.497,0.508,N
2009,Houston Rockets*,82,241.5,36.1,79.6,0.453,7.6,20.2,0.375,28.5,59.4,0.48,18.7,23.2,0.805,10.5,32.5,43,20.3,6.7,4.3,14.1,18.9,98.4,108.4,104,4.4,90.2,0.548,0.501,0.479,Y
2009,Indiana Pacers,82,241.8,39.3,86.3,0.455,8,21,0.378,31.3,65.3,0.48,18.6,23,0.807,11.3,32.5,43.7,21.6,7,5.3,14.5,23.1,105.1,108.1,109.2,-1.1,96.5,0.545,0.501,0.499,N
2009,Los Angeles Clippers,82,242.4,36,81.7,0.441,6.5,18.5,0.354,29.5,63.2,0.467,16.5,22.4,0.736,10.9,29,39.8,21,7,5.9,14.9,20.1,95.1,102.3,111.7,-9.4,92.1,0.52,0.481,0.512,N
2009,Los Angeles Lakers*,82,241.2,40.3,85.1,0.474,6.7,18.5,0.361,33.7,66.6,0.505,19.6,25.5,0.77,12.4,31.5,43.9,23.3,8.8,5.1,13.5,20.7,106.9,112.8,104.7,8.1,94.3,0.555,0.513,0.49,Y
2009,Memphis Grizzlies,82,241.5,34.9,77,0.454,4.9,13.5,0.36,30.1,63.5,0.474,19.1,25.3,0.756,10.3,28.5,38.8,17.4,7.5,4.7,15.3,21.7,93.9,103.5,109.5,-6,90.1,0.533,0.486,0.515,N
2009,Miami Heat*,82,243.4,37,81,0.457,7.1,19.9,0.357,29.9,61.2,0.489,17.2,22.8,0.754,10.1,29.4,39.5,20.4,7.9,5.5,12.5,20.7,98.3,107.8,107.6,0.2,89.9,0.54,0.5,0.501,Y
2009,Milwaukee Bucks,82,241.2,36.7,82.4,0.445,6.2,17.2,0.363,30.5,65.2,0.467,19.7,25.2,0.78,11.9,28.9,40.7,22,7.4,3.8,14.1,24.2,99.3,106.7,107.9,-1.2,92.6,0.531,0.483,0.503,N
2009,Minnesota Timberwolves,82,241.5,36.4,82.5,0.441,6.6,18.8,0.353,29.8,63.7,0.467,18.3,23.9,0.769,11.9,29.8,41.7,20.4,6.2,3.9,14.2,21.8,97.8,106.1,111.4,-5.3,91.6,0.526,0.481,0.515,N
2009,New Jersey Nets,82,241.8,35.7,79.7,0.448,8,21.2,0.376,27.7,58.5,0.473,18.8,24.1,0.779,10.4,29.5,39.8,20,6.8,4.8,13.1,22.4,98.1,108.3,111,-2.7,89.9,0.543,0.497,0.509,N
2009,New Orleans Hornets*,82,240.9,35.5,77.6,0.457,6.8,18.6,0.364,28.7,59,0.487,18,22.4,0.807,9.8,29.9,39.7,19.6,7.2,4.1,12.5,20.3,95.8,108.7,107,1.7,87.8,0.548,0.501,0.496,Y
2009,New York Knicks,82,241.5,38.5,86.5,0.445,10,27.9,0.36,28.5,58.6,0.486,18.2,23.2,0.784,11.1,31,42.1,21.2,7.4,2.5,14.3,20.4,105.2,108.1,110.8,-2.7,96.7,0.544,0.503,0.52,N
2009,Oklahoma City Thunder,82,241.5,36.6,81.9,0.447,4,11.6,0.346,32.6,70.3,0.463,19.8,25.2,0.786,12.2,30.5,42.6,20.3,7.4,4.5,16.2,20.2,97,102.9,109.4,-6.5,93.6,0.521,0.471,0.514,N
2009,Orlando Magic*,82,240.6,35.7,78.2,0.457,10,26.2,0.381,25.8,52.1,0.495,19.6,27.5,0.715,10,33.3,43.3,19.4,7,5.4,13.9,20.3,101,109.2,101.9,7.3,92.3,0.559,0.52,0.465,Y
2009,Philadelphia 76ers*,82,240.9,36.5,79.7,0.459,4.2,13.1,0.318,32.4,66.6,0.486,20.1,27,0.745,12.7,28.5,41.2,20.1,8,5.1,14.1,20.1,97.4,107.9,107.8,0.1,90,0.532,0.485,0.507,Y
2009,Phoenix Suns,82,240.9,41.1,81.6,0.504,6.7,17.6,0.383,34.4,64,0.537,20.4,27.5,0.744,11,30.7,41.7,23.2,7.2,5.1,15.7,20.6,109.4,113.6,111.6,2,96,0.584,0.545,0.511,N
2009,Portland Trail Blazers*,82,241.8,36.8,79.2,0.465,7.3,19,0.383,29.5,60.2,0.49,18.5,24.2,0.765,12.9,28.8,41.7,20.3,6.7,4.9,12.9,20.4,99.4,113.9,107.8,6.1,86.6,0.553,0.511,0.499,Y
2009,Sacramento Kings,82,242.7,36.5,81.5,0.447,7.1,19.4,0.368,29.3,62.1,0.472,20.5,25.7,0.798,10.2,28.9,39.1,19.7,6.9,4.3,15.4,23.3,100.6,105.5,114.7,-9.2,94.2,0.542,0.491,0.526,N
2009,San Antonio Spurs*,82,242.7,37.1,79.7,0.466,7.6,19.8,0.386,29.5,59.9,0.492,15.2,20,0.761,8.9,32.2,41,21.2,5.8,4,11.7,18.9,97,108.5,104.3,4.2,88.4,0.548,0.513,0.487,Y
2009,Toronto Raptors,82,241.5,37.2,81.4,0.458,5.8,15.7,0.372,31.4,65.7,0.478,18.7,22.7,0.824,9.8,30.6,40.4,22.4,6.4,4.8,13.4,19.4,99,107,110,-3,92,0.542,0.494,0.511,N
2009,Utah Jazz*,82,242.4,38.3,80.8,0.475,4.8,13.7,0.349,33.5,67.1,0.5,22.1,28.7,0.771,11.5,29.5,41,24.7,8.8,4.6,14.8,22.3,103.6,110.1,107.3,2.8,93.1,0.554,0.504,0.505,Y
2009,Washington Wizards,82,240.3,36.5,81.2,0.45,4.8,14.6,0.33,31.7,66.5,0.476,18.2,23.8,0.767,11.7,28.4,40.1,20,7.5,4.5,14,20.5,96.1,105.4,113.6,-8.2,91,0.524,0.48,0.533,N
2010,Atlanta Hawks*,82,242.1,38.8,82.9,0.468,6.4,17.7,0.36,32.4,65.2,0.497,17.7,23.3,0.759,11.8,29.9,41.7,21.8,7.2,5,12,19.9,101.7,111.9,106.7,5.2,90.1,0.545,0.506,0.496,Y
2010,Boston Celtics*,82,241.2,37.1,76.8,0.483,6.1,17.5,0.348,31,59.3,0.523,19,25.5,0.746,8.7,29.9,38.6,23.5,8.5,4.9,14.9,22.1,99.2,107.7,103.8,3.9,91.6,0.564,0.522,0.487,Y
2010,Charlotte Bobcats*,82,242.4,34.9,76.9,0.453,5.6,16.2,0.346,29.2,60.7,0.482,20,26.6,0.751,10.5,30.4,40.8,20.2,7.7,5.4,15.7,19.5,95.3,104.4,102.8,1.6,90.4,0.538,0.49,0.491,Y
2010,Chicago Bulls*,82,242.7,37.6,83.2,0.451,4.3,13,0.33,33.3,70.2,0.474,18,23.9,0.754,11.4,33.1,44.5,20.8,6.5,5.8,14.3,20.1,97.5,103.5,105.3,-1.8,93.1,0.52,0.477,0.484,Y
2010,Cleveland Cavaliers*,82,241.2,37.8,77.9,0.485,7.3,19.3,0.381,30.5,58.6,0.52,19.1,26.6,0.72,9.6,32.8,42.5,22.4,6.9,5.2,13.9,19.4,102.1,111.2,104.1,7.1,91.4,0.57,0.532,0.482,Y
2010,Dallas Mavericks*,82,242.4,38.3,82.4,0.464,6.8,18.3,0.372,31.5,64.2,0.491,18.6,22.8,0.816,10.2,31.5,41.7,23.4,7.6,5.5,12.9,19.1,102,109.2,106.3,2.9,92.5,0.552,0.506,0.495,Y
2010,Denver Nuggets*,82,241.2,38.1,81.4,0.468,6.6,18.5,0.359,31.5,62.9,0.5,23.6,30.6,0.772,10.8,30.5,41.4,21,8.3,5.1,13.9,22.5,106.5,111.8,107.5,4.3,94.8,0.561,0.509,0.495,Y
2010,Detroit Pistons,82,241.2,35.9,80.5,0.445,4.6,14.5,0.314,31.3,66,0.474,17.7,24.4,0.728,12.8,27.3,40.2,19.4,7.3,3.8,13.4,22.2,94,105.6,111.4,-5.8,88.5,0.515,0.474,0.526,N
2010,Golden State Warriors,82,240.6,40.6,86.5,0.469,7.7,20.6,0.375,32.9,65.9,0.499,19.9,25.4,0.782,9.2,29.2,38.4,22.4,9.3,4.1,14.7,23,108.8,108.1,111.7,-3.6,100.4,0.557,0.514,0.525,N
2010,Houston Rockets,82,242.7,37.7,84.4,0.447,7.9,22.4,0.351,29.9,62,0.481,19,24.7,0.772,11.8,30.1,42,21.8,7.1,3.9,14.5,20.9,102.4,107.6,108,-0.4,94,0.537,0.494,0.511,N
2010,Indiana Pacers,82,240.3,36.8,83.2,0.443,8,23.1,0.348,28.8,60.1,0.479,19.1,24.6,0.775,9.6,31.9,41.5,21.1,7.1,5.4,15,22.5,100.8,103.7,106.8,-3.1,97.1,0.536,0.491,0.49,N
2010,Los Angeles Clippers,82,240.3,36.6,80.5,0.455,5.9,17.8,0.332,30.7,62.7,0.49,16.6,22.8,0.73,11.3,30.5,41.8,22.1,6.5,5.7,15.7,19.3,95.7,103.3,110.1,-6.8,92.6,0.529,0.491,0.509,N
2010,Los Angeles Lakers*,82,241.8,38.3,83.8,0.457,6.5,19,0.341,31.9,64.8,0.492,18.5,24.2,0.765,11.9,32.5,44.3,21.1,7.5,4.9,13.4,19.4,101.7,108.8,103.7,5.1,92.8,0.538,0.496,0.484,Y
2010,Memphis Grizzlies,82,242.7,39.3,83.8,0.469,4.2,12.4,0.337,35.1,71.4,0.492,19.7,26.9,0.733,13,30.4,43.5,18.8,7.9,4.9,15.2,20.2,102.5,108.3,109.9,-1.6,93.6,0.536,0.494,0.52,N
2010,Miami Heat*,82,242.4,36.4,79.5,0.458,6,17.4,0.346,30.4,62.1,0.489,17.7,23.5,0.752,10.7,31.1,41.8,18.9,7.4,5.6,13.2,20.9,96.5,106.6,104.1,2.5,89.6,0.537,0.496,0.48,Y
2010,Milwaukee Bucks*,82,243.7,37.2,85.3,0.436,7.9,22.1,0.356,29.3,63.2,0.464,15.4,20.4,0.755,11.8,31.2,43,21.2,7.1,4.7,13.2,22.2,97.7,104.9,103.1,1.8,91.7,0.518,0.482,0.486,Y
2010,Minnesota Timberwolves,82,241.2,37.9,84.4,0.449,4.9,14.4,0.341,33,70,0.471,17.5,23.5,0.746,11.7,31.2,42.9,19.8,7.3,3.7,16.3,20.7,98.2,101.7,111.6,-9.9,96.1,0.518,0.478,0.525,N
2010,New Jersey Nets,82,241.2,34.3,79.9,0.429,4.6,14.5,0.318,29.7,65.5,0.454,19.2,24.6,0.78,10.9,28.8,39.7,18.8,7,4.8,14.4,20,92.4,100.6,110.5,-9.9,91.4,0.509,0.458,0.517,N
2010,New Orleans Hornets,82,241.8,38.8,83.4,0.464,7,19.2,0.363,31.8,64.3,0.495,15.8,20.3,0.778,10.4,29.9,40.3,22.3,7.6,3.7,13.5,19.6,100.2,107.4,110.1,-2.7,92.6,0.543,0.506,0.523,N
2010,New York Knicks,82,242.4,38.1,83.9,0.455,9.1,26.2,0.346,29.1,57.7,0.504,16.8,21.5,0.782,10.2,30.2,40.4,21.6,7.1,3.7,14,20,102.1,107.6,111.6,-4,94,0.547,0.509,0.526,N
2010,Oklahoma City Thunder*,82,241.5,37.4,80.8,0.462,5.1,15,0.34,32.3,65.9,0.49,21.7,27,0.805,11.7,31.8,43.5,20,8,5.9,15,21.3,101.5,108.3,104.6,3.7,93.1,0.547,0.494,0.483,Y
2010,Orlando Magic*,82,240.6,36.6,78,0.47,10.3,27.3,0.375,26.4,50.6,0.521,19.2,26.5,0.724,9.9,33.4,43.2,19.7,6.2,5.6,14.1,19.9,102.8,111.4,103.3,8.1,92,0.573,0.536,0.477,Y
2010,Philadelphia 76ers,82,241.5,37.6,81.8,0.46,5.8,16.8,0.343,31.9,64.9,0.491,16.7,22,0.756,11.5,29.5,41,21,8.1,5.4,14.5,20.5,97.7,106.1,110.3,-4.2,91.6,0.534,0.496,0.518,N
2010,Phoenix Suns*,82,240.6,40.7,82.8,0.492,8.9,21.6,0.412,31.8,61.2,0.52,19.9,25.8,0.77,11.1,31.9,43,23.3,5.8,5.1,14.8,20.9,110.2,115.3,110.2,5.1,95.3,0.585,0.546,0.491,Y
2010,Portland Trail Blazers*,82,242.1,36.3,78.7,0.461,6,16.9,0.354,30.3,61.8,0.49,19.6,24.8,0.79,11.1,29.1,40.2,20.4,6.4,4.3,12.3,20.9,98.1,110.8,107.1,3.7,87.7,0.547,0.499,0.502,Y
2010,Sacramento Kings,82,242.4,38.3,84.1,0.456,5.9,16.9,0.349,32.5,67.2,0.483,17.4,24,0.726,11.9,30.7,42.6,20.5,6.9,4.5,15,22.3,100,105.3,109.9,-4.6,94,0.528,0.491,0.505,N
2010,San Antonio Spurs*,82,241.2,38.4,81.2,0.473,6.8,18.9,0.358,31.7,62.3,0.508,17.8,24,0.74,10.8,32,42.8,22.3,6.3,4.6,13.6,20.4,101.4,110,104.5,5.5,91.7,0.552,0.515,0.483,Y
2010,Toronto Raptors,82,241.2,39,80.9,0.482,6.3,17,0.371,32.7,63.8,0.512,19.7,25.8,0.764,9.8,30.6,40.4,22,5.7,4.7,13.4,22.2,104.1,111.3,113.2,-1.9,93.1,0.564,0.521,0.513,N
2010,Utah Jazz*,82,240.9,39.4,80.2,0.491,5.4,14.7,0.364,34,65.5,0.519,20.2,27.2,0.741,10.6,31.6,42.2,26.7,8.2,4.9,15.2,22.7,104.2,110.7,105,5.7,93.8,0.565,0.524,0.492,Y
2010,Washington Wizards,82,241.8,36.7,81.7,0.449,5.3,14.9,0.353,31.4,66.8,0.471,17.6,23.1,0.762,11.8,30,41.8,19,6,5.1,14.9,21.4,96.2,104.2,109.4,-5.2,91.6,0.524,0.481,0.502,N